rank,strategy,score,score_sd,coop_rate
1,GRADUAL,2.350055555555555,0.05155849555261309,0.4307222222222223
2,CTFT,2.324222222222222,0.060355712830937346,0.6099999999999999
3,TFT,2.291277777777778,0.06906056863303171,0.5338055555555555
4,ALT,2.289722222222222,0.06560196620393066,0.4988888888888889
5,SOFTMAJ,2.261,0.06653783848771525,0.6174166666666667
6,GTFT,2.255222222222222,0.05408593223605948,0.6831111111111111
7,ZDGTFT2,2.213916666666667,0.09851664315257669,0.6071388888888889
8,PROBER,2.2047777777777773,0.08148787853676448,0.3705555555555556
9,TF2T,2.1854444444444447,0.05320928217135317,0.7002222222222223
10,STFT,2.151944444444444,0.07213349250341848,0.4847777777777778
11,QLEARN,2.1431666666666667,0.14751422242003148,0.3702500000000001
12,RANDOM,2.1287777777777777,0.06902815969787776,0.49825
13,WSLS,2.1205277777777773,0.10120903632048768,0.5343611111111112
14,GRIM,2.073555555555555,0.04500186705469894,0.11519444444444446
15,HARDMAJ,2.0732777777777778,0.10678369351940455,0.45538888888888895
16,ALLD,2.0517500000000006,0.04796475936861816,0.09883333333333334
17,EXTORT2,2.040527777777778,0.07816410338264729,0.3572777777777778
18,ALLC,2.0296944444444445,0.07644071754660453,0.9015277777777778
