,ALLC,ALLD,TFT,STFT,GTFT,TF2T,GRIM,WSLS,CTFT,RANDOM,ALT,SOFTMAJ,HARDMAJ,PROBER,GRADUAL,EXTORT2,ZDGTFT2,QLEARN
ALLC,3.0,0.0,3.0,2.985,3.0,3.0,3.0,3.0,3.0,1.539,1.5,3.0,2.985,0.030000000000000006,3.0,2.187,3.0,1.365
ALLD,5.0,1.0,1.0199999999999998,1.0,2.3219999999999996,1.0399999999999998,1.0199999999999998,3.0,1.0199999999999998,2.97,3.0,1.0199999999999998,1.0,1.0399999999999998,1.6999999999999997,1.0,1.902,1.6119999999999997
TFT,3.0,0.9949999999999999,3.0,2.5,3.0,3.0,3.0,3.0,3.0,2.242,2.4900000000000007,3.0,2.5,2.9950000000000006,3.0,1.0239999999999998,3.0,2.0410000000000004
STFT,3.0099999999999993,1.0,2.5,1.0,3.005,3.0099999999999993,1.0150000000000001,2.0049999999999994,2.5,2.2625,2.5,2.5,1.0,3.0,3.0049999999999994,1.0,2.976,1.9459999999999997
GTFT,3.0,0.6695000000000001,3.0,2.98,3.0,3.0,3.0,3.0,3.0,2.0055,2.163,3.0,2.971,2.763000000000001,3.0,2.0104999999999995,3.0,2.046
TF2T,3.0,0.99,3.0,2.985,3.0,3.0,3.0,3.0,3.0,1.8749999999999996,1.5,3.0,2.985,1.0049999999999997,3.0,1.035,3.0,1.6600000000000001
GRIM,3.0,0.9949999999999999,3.0,1.0150000000000001,3.0,3.0,3.0,3.0,3.0,3.022,2.985,3.0,1.0150000000000001,1.035,3.0,1.015,3.0,2.133
WSLS,3.0,0.5,3.0,2.0049999999999994,3.0,3.0,3.0,3.0,3.0,2.2075,2.25,3.0,0.5199999999999999,2.0049999999999994,3.0,1.473,3.0,1.6664999999999999
CTFT,3.0,0.9949999999999999,3.0,2.5,3.0,3.0,3.0,3.0,3.0,2.3,2.4900000000000007,3.0,2.5,2.9950000000000006,3.0,1.035,3.0,2.2545
RANDOM,3.974,0.5075,2.2545,2.25,2.8329999999999997,3.1125,0.537,2.2925,2.31,2.202,2.2575,1.4635000000000002,2.2445,1.751,1.3915,1.6459999999999997,2.5575,1.6195
ALT,4.0,0.5,2.515,2.5,3.0055,4.0,0.535,2.25,2.515,2.2175,2.0,4.0,2.5,2.515,1.3100000000000003,1.8265,2.6905,1.7715
SOFTMAJ,3.0,0.9949999999999999,3.0,2.5,3.0,3.0,3.0,3.0,3.0,2.5060000000000002,1.5,3.0,2.5,2.9950000000000006,3.0,1.0019999999999998,3.0,1.9324999999999999
HARDMAJ,3.0099999999999993,1.0,2.5,1.0,2.996,3.0099999999999993,1.0150000000000001,2.9950000000000006,2.5,2.297,2.5,2.5,1.0,2.5049999999999994,3.0049999999999994,1.0,2.9984999999999995,1.6255000000000002
PROBER,4.980000000000001,0.99,2.9950000000000006,2.9750000000000005,2.9355000000000007,1.08,1.01,2.0049999999999994,2.9950000000000006,2.4259999999999997,2.4900000000000007,2.9950000000000006,2.48,1.0199999999999998,2.9950000000000006,1.0465,2.9950000000000006,2.3750000000000004
GRADUAL,3.0,0.825,3.0,2.98,3.0,3.0,3.0,3.0,3.0,2.6089999999999995,2.6849999999999996,3.0,2.98,2.9950000000000006,3.0,1.5629999999999997,3.0,2.6279999999999997
EXTORT2,3.5420000000000003,1.0,1.049,1.0,2.8080000000000003,1.0975000000000001,1.015,2.3555,1.06,2.5335,2.5189999999999997,1.047,1.0,1.0965,2.0455,1.0,2.3725,2.0605
ZDGTFT2,3.0,0.7745,3.0,2.9509999999999996,3.0,3.0,3.0,3.0,3.0,2.1025,2.373,3.0,2.9735,2.9950000000000006,3.0,1.78,3.0,2.0255
QLEARN,4.09,0.8470000000000001,2.0584999999999996,1.9409999999999996,2.8135,2.6275,0.7905,2.744,2.2645000000000004,2.527,2.4590000000000005,2.1125,1.2105,1.8474999999999997,1.2905000000000002,1.498,2.483,1.3525000000000003
