b,coop_mean,coop_sd
1.05,0.9816666666666666,0.0010338708279513077
1.0891666666666666,0.9816666666666666,0.0010338708279513077
1.1283333333333334,0.9004499999999999,0.002740741991991516
1.1675,0.8979666666666666,0.0025496187078767308
1.2066666666666668,0.9111000000000001,0.0034068558329736
1.2458333333333333,0.9111000000000001,0.0034068558329736
1.2850000000000001,0.916,0.003132890039564254
1.3241666666666667,0.8578026666666667,0.00033138229014570344
1.3633333333333333,0.8574693333333334,0.0017513351732004086
1.4025,0.8507890000000001,0.0024603992900881443
1.4416666666666667,0.8507890000000001,0.0024603992900881443
1.4808333333333334,0.8507890000000001,0.0024603992900881443
1.52,0.8109923333333334,0.010241078632427032
1.5591666666666666,0.8109923333333334,0.010241078632427032
1.5983333333333332,0.8109923333333334,0.010241078632427032
1.6375,0.6958806666666666,0.003876177613176263
1.6766666666666667,0.7111076666666666,0.002140941589322113
1.7158333333333333,0.7111076666666666,0.002140941589322113
1.755,0.7316006666666666,0.0006420520920369203
1.7941666666666665,0.7316006666666666,0.0006420520920369203
1.8333333333333333,0.3141283333333333,0.0030027154747364845
1.8725,0.3141283333333333,0.0030027154747364845
1.9116666666666666,0.3141283333333333,0.0030027154747364845
1.9508333333333332,0.3141283333333333,0.0030027154747364845
1.99,0.3141283333333333,0.0030027154747364845
